{
    "Media aritmetica": 2893309.846153846,
    "Media ponderada": 0,
    "Mediana": 1468501.5,
    "Variancia": 12625508776503.656,
    "Desvio Padrao": 3553239.1949464446
}